City,Cloudiness,Country,Date,Humidity,Lat,Lng,Max Temp,Wind Speed
Tasiilaq,83,GL,1568602536,47,65.61,-37.64,35.6,4.7
Bluff,0,AU,1568602547,23,-23.58,149.07,80.87,6.31
Gouyave,20,GD,1568603038,83,12.16,-61.73,82.4,9.17
Lufilufi,75,WS,1568603038,79,-13.87,-171.6,84.2,13.87
Port Elizabeth,20,US,1568603038,88,39.31,-74.98,73.99,2.13
Ancud,20,CL,1568602488,80,-41.87,-73.83,41.0,9.17
Saskylakh,100,RU,1568602535,81,71.97,114.09,36.77,7.4
Ribeira Grande,29,PT,1568603039,76,38.52,-28.7,71.69,17.16
Awbari,0,LY,1568603039,35,26.59,12.77,67.73,7.25
Vaini,75,IN,1568602539,94,15.34,74.49,73.4,4.7
Meiganga,96,CM,1568603039,97,6.52,14.29,64.31,0.56
Albany,90,US,1568602186,100,42.65,-73.75,66.2,5.82
Arraial do Cabo,40,BR,1568603040,94,-22.97,-42.02,71.6,17.22
Xichang,100,CN,1568603040,96,27.88,102.25,54.23,1.23
Provideniya,75,RU,1568602484,71,64.42,-173.23,51.8,6.71
Port Alfred,0,ZA,1568603040,86,-33.59,26.89,60.01,3.4
Cidreira,0,BR,1568603040,84,-30.17,-50.22,66.65,10.78
Katsuura,20,JP,1568603041,54,33.93,134.5,87.01,14.99
Padang,20,ID,1568603041,69,-0.92,100.36,78.8,1.12
East London,0,ZA,1568602981,41,-33.02,27.91,62.15,3.76
Victoria,75,BN,1568603041,70,5.28,115.24,86.0,4.7
Kutum,26,SD,1568603041,39,14.2,24.66,76.19,4.03
Hobart,75,AU,1568602526,49,-42.88,147.33,48.2,19.46
Cape Town,75,ZA,1568603042,93,-33.93,18.42,61.0,8.05
Mataura,100,NZ,1568602464,44,-46.19,168.86,57.0,8.99
Sao Miguel do Araguaia,61,BR,1568603042,23,-13.28,-50.16,79.97,5.61
Ushuaia,90,AR,1568602482,80,-54.81,-68.31,33.8,8.05
Busselton,80,AU,1568602541,39,-33.64,115.35,70.0,13.94
Punta Arenas,90,CL,1568603043,87,-53.16,-70.91,37.4,13.87
Moose Factory,20,CA,1568602926,100,51.26,-80.61,44.6,2.24
Barnstaple,90,GB,1568603043,100,51.08,-4.06,61.0,8.05
Egvekinot,100,RU,1568602855,72,66.32,-179.17,40.73,8.88
Khatanga,73,RU,1568603044,71,71.98,102.47,39.47,10.36
Vostok,96,RU,1568603044,69,46.45,135.83,58.73,7.74
Goundam,0,ML,1568603044,57,16.42,-3.66,85.19,14.76
Kruisfontein,0,ZA,1568603044,63,-34.0,24.73,53.33,4.27
Miracema do Tocantins,76,BR,1568603044,30,-9.56,-48.4,77.81,1.83
Thompson,40,CA,1568603040,77,55.74,-97.86,64.4,3.36
Ponta do Sol,0,BR,1568603045,51,-20.63,-46.0,69.17,6.91
Grindavik,40,IS,1568603045,60,63.84,-22.43,44.6,27.51
Morondava,0,MG,1568603045,75,-20.3,44.28,74.93,12.64
Amuntai,74,ID,1568602843,32,-2.42,115.25,97.97,2.55
Zhumadian,100,CN,1568603045,83,33.01,114.02,65.57,3.02
Lompoc,75,US,1568602475,87,34.64,-120.46,68.0,6.93
Hays,1,US,1568603046,60,38.88,-99.33,80.01,8.05
Placido de Castro,5,BR,1568603046,49,-10.34,-67.19,82.31,2.37
Faanui,90,PF,1568603046,76,-16.48,-151.75,76.91,15.48
Castro,20,CL,1568603046,80,-42.48,-73.76,41.0,9.17
Rikitea,22,PF,1568602469,77,-23.12,-134.97,67.91,19.39
Tuatapere,100,NZ,1568603047,46,-46.13,167.69,57.0,8.01
Yellowknife,75,CA,1568602535,70,62.45,-114.38,48.2,4.7
Saint-Joseph,0,FR,1568603047,77,43.56,6.97,71.6,3.36
Otane,41,NZ,1568603048,71,-39.89,176.62,55.0,8.01
Awjilah,0,LY,1568603048,66,29.14,21.3,65.57,9.82
Atuona,95,PF,1568602463,72,-9.8,-139.03,79.43,9.78
Nikolskoye,90,RU,1568603048,87,59.7,30.79,48.99,8.95
Komsomolskiy,100,RU,1568602475,88,67.55,63.78,41.81,9.44
Urusha,0,RU,1568603049,34,54.05,122.9,47.75,5.12
Nouadhibou,0,MR,1568603049,73,20.93,-17.03,71.6,14.99
Port Blair,100,IN,1568603049,85,11.67,92.75,80.15,20.29
Kodiak,1,US,1568603049,83,39.95,-94.76,79.0,4.7
Namie,75,JP,1568603050,100,37.52,140.86,75.0,12.75
Leningradskiy,89,RU,1568603050,80,69.38,178.42,42.71,14.0
Kenai,90,US,1568603050,81,60.55,-151.26,53.6,6.93
Namtsy,0,RU,1568603050,56,62.72,129.66,42.8,4.47
Bambous Virieux,75,MU,1568603051,93,-20.34,57.76,68.0,5.82
Marawi,60,PH,1568603051,65,8.0,124.29,84.99,5.99
Ganganagar,63,IN,1568603051,80,16.78,77.13,78.17,11.43
Souillac,0,FR,1568602576,63,45.6,-0.6,71.01,4.7
Airai,58,TL,1568602471,47,-8.93,125.41,81.41,6.96
Butaritari,0,KI,1568602494,71,3.07,172.79,85.01,13.49
Chokurdakh,100,RU,1568602507,64,70.62,147.9,50.63,8.72
Lahij,66,YE,1568603052,57,13.06,44.88,86.81,5.14
Vari,0,GR,1568603052,43,37.83,23.8,73.0,16.11
Pereleshino,0,RU,1568603052,50,51.74,40.14,53.6,8.95
Dingle,4,PH,1568603052,70,11.0,122.67,85.37,14.79
Methoni,0,GR,1568603053,43,36.82,21.7,75.0,4.7
Bakel,41,SN,1568603053,67,14.9,-12.46,84.65,13.56
Saint George,0,GR,1568603053,67,39.45,22.34,62.6,1.28
Saint-Philippe,90,CA,1568602468,82,45.36,-73.48,59.0,5.57
La Asuncion,98,AR,1568603054,34,-26.05,-65.39,63.95,4.38
El Zapote,100,GT,1568603054,97,15.65,-91.92,59.81,1.5
Atagay,65,RU,1568603054,79,55.1,99.39,42.35,7.36
Steamboat Springs,1,US,1568603054,41,40.48,-106.83,68.0,2.44
Saldanha,30,PT,1568602496,69,41.42,-6.55,64.13,4.21
Broome,100,GB,1568603055,93,52.47,1.45,60.01,3.36
Tura,87,RU,1568603055,81,64.27,100.22,33.89,4.23
Dikson,95,RU,1568602465,82,73.51,80.55,35.51,12.3
Carahue,0,CL,1568603055,93,-38.71,-73.16,39.2,2.24
Longyearbyen,75,NO,1568602521,69,78.22,15.63,39.2,19.46
Jamestown,100,AU,1568602485,71,-33.21,138.6,57.29,12.33
Chuy,100,UY,1568602529,96,-33.69,-53.46,61.25,6.67
Nara,20,JP,1568603056,58,34.68,135.8,88.0,1.12
Namibe,75,AO,1568603056,78,-15.19,12.15,65.93,4.0
Khandyga,67,RU,1568603056,51,62.65,135.58,50.09,4.63
Hasaki,75,JP,1568603056,100,35.73,140.83,73.4,14.99
Norman Wells,75,CA,1568603057,61,65.28,-126.83,46.4,8.05
Ternate,90,PH,1568603057,94,14.29,120.72,82.0,6.93
Kikwit,100,CD,1568603057,92,-5.04,18.82,70.61,2.35
Portland,90,US,1568602257,87,43.66,-70.25,64.0,3.78
Tungor,100,RU,1568603057,69,53.39,142.95,63.23,19.04
Barrow,4,AR,1568602469,77,-38.31,-60.23,41.27,1.63
Kayerkan,40,RU,1568603058,100,69.35,87.76,26.6,4.47
Karratha,47,AU,1568603058,7,-20.74,116.85,92.93,1.57
Hithadhoo,93,MV,1568602560,71,-0.6,73.08,83.21,8.28
Mindelo,0,PT,1568603058,93,41.31,-8.72,68.0,2.24
Kondinskoye,100,RU,1568603059,93,59.65,67.41,52.79,13.51
Umm Kaddadah,100,SD,1568603059,52,13.6,26.69,84.47,5.44
Homer,90,US,1568602797,93,59.64,-151.54,53.6,9.17
Constitucion,40,MX,1568603059,52,23.99,-104.67,69.01,4.7
George,72,MW,1568603060,98,-15.35,34.83,62.33,1.95
Brigantine,20,US,1568603060,88,39.41,-74.36,73.99,0.43
Hermanus,16,ZA,1568602489,97,-34.42,19.24,59.0,1.99
Mjolby,0,SE,1568603060,71,58.33,15.12,51.8,14.99
Kapaa,20,US,1568602486,70,22.08,-159.32,89.6,9.17
Tiksi,100,RU,1568602489,89,71.64,128.87,40.19,6.17
Zhuanghe,0,CN,1568603061,54,39.7,122.97,67.55,12.88
Zonguldak,27,TR,1568603061,78,41.25,31.83,68.45,8.57
Sitka,78,US,1568603061,48,37.17,-99.65,79.0,14.0
Aksu,0,KZ,1568603061,82,52.04,76.93,55.4,5.93
Catuday,100,PH,1568603062,83,16.29,119.81,81.41,18.21
Urambo,85,TZ,1568603062,49,-5.07,32.07,70.61,8.86
Bubaque,100,GW,1568603062,81,11.28,-15.83,81.77,11.41
Port Lincoln,59,AU,1568603062,70,-34.72,135.86,53.51,19.93
Huarmey,3,PE,1568603063,91,-10.07,-78.15,59.99,19.42
Hilo,40,US,1568602465,62,19.71,-155.08,86.0,14.99
Hami,0,CN,1568603063,12,42.84,93.51,74.03,2.46
Zhanaozen,0,KZ,1568603063,64,43.35,52.85,60.89,4.88
Eldorado,32,BR,1568603063,99,-24.52,-48.11,63.41,0.58
Pangkalanbuun,100,ID,1568603063,64,-2.68,111.62,83.39,3.31
Nanortalik,92,GL,1568603064,67,60.14,-45.24,39.11,2.26
Puerto Ayora,53,EC,1568603064,87,-0.74,-90.35,66.0,1.01
Ormara,100,PK,1568603064,26,25.21,64.64,86.45,8.7
Half Moon Bay,90,US,1568602824,88,37.46,-122.43,68.0,3.36
Sibolga,100,ID,1568603065,75,1.74,98.78,78.71,7.2
Batemans Bay,99,AU,1568603065,71,-35.71,150.18,68.0,3.0
Suhut,8,TR,1568603065,84,38.53,30.55,49.19,5.26
Marondera,0,ZW,1568603065,62,-18.19,31.55,49.55,5.82
Esperance,40,AU,1568603065,58,-33.86,121.89,59.0,12.75
Kahului,40,US,1568602461,52,20.89,-156.47,91.4,14.99
Narsaq,97,GL,1568602535,32,60.91,-46.05,37.4,17.22
Kavieng,19,PG,1568602470,78,-2.57,150.8,81.41,15.41
Bethel,75,US,1568602852,81,60.79,-161.76,53.6,14.99
Linares,0,CL,1568603066,86,-35.85,-71.6,40.55,7.94
Mahebourg,75,MU,1568603066,93,-20.41,57.7,68.0,5.82
Udachnyy,90,RU,1568603066,100,66.42,112.4,26.6,6.71
Viadana,40,IT,1568603059,88,44.93,10.52,68.0,4.7
Tahoua,0,NE,1568603067,83,14.89,5.26,77.0,4.7
Mahanoro,29,MG,1568603067,98,-19.9,48.8,62.69,1.21
Necochea,28,AR,1568602776,89,-38.55,-58.74,48.99,4.0
Hualmay,54,PE,1568603067,89,-11.1,-77.61,60.35,20.2
Ulaangom,82,MN,1568602551,37,49.98,92.07,58.37,3.96
Aquin,90,HT,1568603068,80,18.28,-73.39,81.05,4.7
Ilulissat,100,GL,1568602506,86,69.22,-51.1,33.8,6.93
Coquimbo,0,CL,1568603068,87,-29.95,-71.34,51.8,2.24
Lavrentiya,100,RU,1568603068,84,65.58,-170.99,43.43,5.95
Robertsport,100,LR,1568603068,92,6.75,-11.37,75.65,3.98
Karasjok,99,NO,1568603069,100,69.47,25.52,41.0,11.41
Port Shepstone,0,ZA,1568603069,63,-30.74,30.45,60.53,4.85
Tocopilla,71,CL,1568603069,85,-22.09,-70.2,56.57,12.21
Wattegama,90,LK,1568603069,85,7.35,80.68,74.93,4.38
Tuy Hoa,7,VN,1568603070,60,13.08,109.3,85.91,4.97
Pecos,1,US,1568603070,32,31.42,-103.49,80.6,6.93
Onega,20,RU,1568603070,88,63.91,38.09,41.09,6.64
Santa Catarina,0,BR,1568603070,85,-29.97,-50.14,67.19,3.67
Lorengau,33,PG,1568602569,70,-2.02,147.27,85.19,9.75
Byron Bay,0,AU,1568603071,53,-28.65,153.62,87.01,21.92
Central Point,90,US,1568603071,87,42.38,-122.91,60.8,4.7
Avarua,1,CK,1568602495,57,-21.21,-159.78,75.2,13.87
San Patricio,0,PY,1568603071,47,-26.98,-56.83,77.09,7.9
Petatlan,90,MX,1568603071,83,17.52,-101.27,80.6,3.36
Mahibadhoo,35,MV,1568603072,69,3.78,72.97,82.67,4.81
Sisimiut,96,GL,1568603072,82,66.94,-53.67,39.65,7.25
Carnarvon,0,ZA,1568603072,45,-30.97,22.13,50.63,1.43
Codrington,0,AU,1568603072,26,-28.95,153.24,87.01,11.41
Lebu,75,ET,1568603073,93,8.96,38.73,55.4,5.82
Waddan,0,LY,1568603073,88,29.16,16.14,61.79,1.07
Sao Felix do Xingu,1,BR,1568603073,64,-6.64,-51.99,75.65,0.87
Barquisimeto,23,VE,1568603073,85,10.07,-69.32,70.79,5.82
Tuktoyaktuk,75,CA,1568602478,86,69.44,-133.03,41.0,13.87
Lhokseumawe,100,ID,1568603074,71,5.18,97.15,80.51,3.53
Bredasdorp,29,ZA,1568603074,81,-34.53,20.04,51.01,3.36
Aklavik,20,CA,1568602816,61,68.22,-135.01,46.4,12.75
Bani Walid,78,LY,1568603074,90,31.76,14.0,63.59,3.04
Atambua,19,ID,1568603075,71,-9.11,124.89,75.47,10.47
Auki,1,NG,1568603075,91,12.18,6.51,71.51,5.84
Talnakh,40,RU,1568603075,100,69.49,88.39,26.6,4.47
Basoko,100,CD,1568603075,99,1.23,23.61,69.35,1.03
Cadereyta,20,MX,1568603075,69,25.58,-99.98,80.6,4.7
Venice,1,US,1568602876,88,27.1,-82.45,81.0,3.36
Paracuru,75,BR,1568602568,69,-3.41,-39.03,80.6,18.34
Cherskiy,79,RU,1568603076,44,68.75,161.3,57.11,4.88
Marsh Harbour,100,BS,1568603076,78,26.54,-77.06,83.57,22.88
Tiznit,1,MA,1568603076,83,29.7,-9.73,68.99,4.74
Mar del Plata,57,AR,1568603076,58,-46.43,-67.52,40.01,7.74
Mulchen,0,CL,1568603077,98,-37.72,-72.23,36.23,3.0
Axim,100,GH,1568603077,92,4.87,-2.24,76.01,8.39
Codajas,82,BR,1568603077,73,-3.84,-62.06,77.63,0.65
Caravelas,0,BR,1568603077,84,-17.73,-39.27,73.13,7.63
Honningsvag,100,NO,1568602984,92,70.98,25.97,45.59,12.44
Guerrero Negro,0,MX,1568603078,76,27.97,-114.04,72.41,11.52
Okhotsk,85,RU,1568603078,80,59.36,143.24,51.35,11.52
Imeni Poliny Osipenko,0,RU,1568603078,30,52.42,136.49,59.45,11.63
Clyde River,1,CA,1568603079,100,70.47,-68.59,28.4,0.58
Chhatapur,75,IN,1568603079,83,23.07,86.96,82.4,8.05
Innisfail,98,AU,1568603079,41,-17.52,146.03,75.0,8.99
Nyurba,83,RU,1568603079,77,63.29,118.35,38.39,3.8
Paamiut,0,GL,1568603079,45,61.99,-49.67,38.39,7.56
Kuldur,0,RU,1568603080,41,49.22,131.63,49.73,12.21
Kupino,0,RU,1568603080,64,54.36,77.31,61.07,7.58
Bulgan,0,MN,1568603080,44,48.81,103.53,52.61,15.43
Centralia,90,US,1568602959,93,46.72,-122.96,60.8,5.82
Eyl,25,SO,1568602929,81,7.98,49.82,74.03,9.89
Krasnyy Chikoy,24,RU,1568603081,48,50.36,108.75,55.49,4.56
Knysna,40,ZA,1568603081,81,-34.04,23.05,51.8,4.7
Labuhan,53,ID,1568603081,34,-2.54,115.51,94.55,2.71
Ust-Nera,100,RU,1568603081,88,64.57,143.24,38.75,3.02
Muyezerskiy,100,RU,1568603082,88,63.93,31.65,36.95,9.84
Hofn,0,IS,1568603082,66,64.25,-15.21,21.65,11.25
Cayenne,0,GF,1568603082,94,4.94,-52.33,78.8,1.12
Clyde,72,NZ,1568603083,46,-45.19,169.32,55.99,8.01
Troisdorf,0,DE,1568603083,87,50.82,7.16,61.0,2.24
Pueblo,1,US,1568603083,28,38.25,-104.61,80.6,9.17
Eufaula,1,US,1568603083,88,31.89,-85.15,79.0,2.93
Upernavik,97,GL,1568602503,74,72.79,-56.15,31.73,14.9
Tibati,100,CM,1568603084,94,6.47,12.63,67.73,2.06
Buzovna,75,AZ,1568603084,83,40.52,50.11,69.8,4.7
Mercedes,100,UY,1568603084,77,-33.25,-58.03,64.0,15.01
Salinopolis,71,BR,1568603084,81,-0.61,-47.36,80.69,16.55
Sorong,84,ID,1568603084,57,-0.86,131.25,87.71,4.36
Camacha,75,PT,1568603085,77,33.08,-16.33,69.8,5.82
Bintulu,75,MY,1568603085,83,3.17,113.03,82.4,4.7
Vila Praia de Ancora,0,PT,1568603085,88,41.81,-8.85,68.0,5.82
Dunedin,37,NZ,1568603085,59,-45.87,170.5,53.01,20.0
Mitu,24,IR,1568603086,74,36.2,46.09,53.69,1.41
Ambilobe,0,MG,1568603086,88,-13.19,49.05,65.93,5.39
La Palma,100,CO,1568603086,86,5.36,-74.39,71.87,2.24
Muros,0,ES,1568603087,82,42.77,-9.06,71.01,2.24
Do Gonbadan,0,IR,1568603087,22,30.36,50.8,75.2,4.18
Malm,75,NO,1568603088,93,64.07,11.22,54.0,25.28
Velikiy Ustyug,80,RU,1568603088,91,60.76,46.3,38.93,8.46
Hamilton,75,CA,1568602490,100,43.26,-79.87,62.6,9.17
Deputatskiy,100,RU,1568603088,99,69.3,139.9,36.77,2.42
Coxim,0,BR,1568603089,19,-18.5,-54.75,83.75,4.63
Galeana,0,MX,1568603089,73,24.83,-100.08,64.0,5.84
Beaune,0,FR,1568603089,82,47.02,4.84,60.8,2.24
Japura,100,ID,1568603089,53,-0.42,102.29,85.55,4.61
Kaitangata,100,NZ,1568603090,64,-46.28,169.85,53.01,11.01
Leh,0,IN,1568603090,30,34.16,77.58,39.29,4.03
Bambanglipuro,18,ID,1568603090,83,-7.95,110.28,74.21,11.14
Ailigandi,100,PA,1568603090,78,9.23,-78.02,81.23,8.7
Cabo San Lucas,20,MX,1568603061,61,22.89,-109.91,86.0,11.41
Gillette,1,US,1568603091,59,44.29,-105.5,69.01,8.46
Pontal do Parana,90,BR,1568603091,94,-25.67,-48.51,69.01,1.12
Srednekolymsk,100,RU,1568603091,42,67.46,153.71,60.71,5.21
Igarka,100,RU,1568602568,72,67.47,86.57,33.89,9.69
Cockburn Town,24,TC,1568603091,81,21.46,-71.14,83.57,16.28
Kamaishi,75,JP,1568603092,73,39.28,141.86,75.2,4.7
Cariamanga,0,EC,1568603092,81,-4.33,-79.56,60.17,2.3
Khanpur,100,PK,1568603092,42,28.65,70.66,92.03,13.27
Camacari,40,BR,1568603092,73,-12.7,-38.32,77.0,10.29
Shobara,75,JP,1568603092,50,34.92,133.05,86.0,10.29
Ostrovnoy,100,RU,1568603093,98,68.05,39.51,43.25,16.78
Qaanaaq,0,GL,1568602520,50,77.48,-69.36,20.57,5.99
Antalaha,7,MG,1568603093,97,-14.9,50.28,59.81,3.91
Beringovskiy,100,RU,1568603093,68,63.05,179.32,50.27,3.78
Medvedka,86,RU,1568603094,92,61.17,46.39,38.57,7.63
Soyo,99,AO,1568603048,84,-6.13,12.37,72.95,9.06
Koshurnikovo,100,RU,1568603094,98,54.3,93.39,48.29,2.66
Los Llanos de Aridane,20,ES,1568603094,78,28.66,-17.92,71.6,6.93
Sargatskoye,0,RU,1568603094,67,55.6,73.49,58.55,9.75
Mirai,0,BR,1568603095,85,-21.2,-42.61,65.21,3.49
Iqaluit,20,CA,1568603095,69,63.75,-68.52,35.6,2.24
Nalut,24,LY,1568603095,59,31.86,10.98,67.91,5.32
Ust-Tsilma,100,RU,1568603095,92,65.44,52.15,45.05,11.59
Klenovyy,0,UA,1568603096,48,48.12,39.46,52.79,7.81
Miri,46,NG,1568603096,91,10.31,9.75,70.97,2.71
Rio Gallegos,90,AR,1568603096,55,-51.62,-69.22,39.2,18.34
Mucurapo,20,TT,1568603096,83,10.67,-61.53,78.8,7.36
Khani,40,GE,1568603096,93,41.96,42.96,60.8,5.82
Sobolevo,94,RU,1568603097,87,54.43,31.9,50.63,14.23
Marsa Matruh,0,EG,1568603097,64,31.35,27.25,78.17,12.91
Svetlogorsk,90,RU,1568603097,66,53.14,59.15,53.6,11.18
Vardo,1,US,1568603097,88,39.62,-77.74,68.0,3.58
Stepnogorsk,54,KZ,1568603097,54,52.35,71.88,61.61,5.44
Henties Bay,24,NA,1568603098,91,-22.12,14.28,54.0,1.99
Gao,0,ML,1568603098,43,16.28,-0.04,89.69,11.54
Mitsamiouli,6,KM,1568603098,77,-11.38,43.28,77.27,2.1
Mirabad,88,IR,1568603098,13,28.27,61.33,69.35,5.1
Bathsheba,40,BB,1568603018,74,13.22,-59.52,84.2,16.11
Krasnyy Kut,0,RU,1568603099,40,47.1,40.67,52.61,6.46
Kavaratti,40,IN,1568602504,83,10.57,72.64,82.4,6.93
Nemuro,75,JP,1568603099,100,43.32,145.57,62.6,8.05
Aykhal,90,RU,1568603099,100,65.95,111.51,26.6,6.71
Kaeo,0,NZ,1568603099,81,-35.1,173.78,66.99,9.17
Marfino,75,RU,1568603100,93,56.07,37.56,51.8,15.66
New Norfolk,75,AU,1568603100,49,-42.78,147.06,48.2,19.46
Severo-Kurilsk,0,RU,1568603100,80,50.68,156.12,50.27,4.85
Takab,95,IR,1568603100,47,36.4,47.11,53.51,2.64
Pevek,87,RU,1568603101,82,69.7,170.27,45.05,2.08
Pangnirtung,0,CA,1568603101,58,66.15,-65.72,24.53,2.44
Kiknur,98,RU,1568603101,82,57.3,47.21,43.25,10.78
Rocha,100,UY,1568603101,97,-34.48,-54.34,55.67,3.29
Kribi,56,CM,1568603101,89,2.94,9.91,77.09,7.9
Tucumcari,1,US,1568603102,34,35.17,-103.73,78.8,10.29
Nhulunbuy,75,AU,1568603102,61,-12.18,136.78,80.6,16.11
Ciudad Bolivar,47,VE,1568603102,61,8.12,-63.55,80.87,3.91
Vila Franca do Campo,20,PT,1568603102,82,37.72,-25.43,68.0,5.82
Bakchar,50,RU,1568603103,93,57.02,82.07,54.59,6.93
Kozulka,0,UA,1568603103,81,50.04,23.8,48.2,4.47
Kungurtug,78,RU,1568603103,69,50.6,97.53,43.07,2.39
Fortuna,90,US,1568602509,93,40.6,-124.16,62.01,9.17
Cabedelo,20,BR,1568602577,94,-6.97,-34.84,71.6,4.7
Dubbo,75,AU,1568603104,5,-32.25,148.6,82.4,17.22
Omsukchan,100,RU,1568603104,74,62.53,155.8,41.09,7.11
Marienburg,0,DE,1568602530,87,52.12,9.98,57.2,5.82
Vallenar,0,CL,1568603104,78,-28.58,-70.76,45.59,0.16
Avera,1,US,1568603104,78,33.19,-82.53,80.01,3.36
Christchurch,96,NZ,1568602980,45,-43.53,172.64,68.0,11.41
Gizo,40,IL,1568603105,73,31.8,34.94,75.2,8.05
Sorland,100,NO,1568603105,74,67.67,12.69,50.81,6.29
Price,1,US,1568603006,25,39.6,-110.81,73.4,6.93
Porto Novo,0,BR,1568603105,82,-23.68,-45.44,68.0,3.36
Marzuq,100,YE,1568603106,42,14.4,46.47,79.79,1.74
Karymskoye,58,RU,1568603106,56,51.62,114.34,49.19,10.04
Moctezuma,20,MX,1568603106,75,29.81,-109.68,70.79,1.07
Amantea,0,IT,1568603106,88,39.13,16.07,64.99,6.93
Necocli,100,CO,1568603106,84,8.42,-76.79,80.69,14.9
Mount Gambier,40,AU,1568603107,62,-37.83,140.78,53.6,20.8
Chilakalurupet,97,IN,1568603107,69,16.09,80.17,84.83,8.57
Kiruna,53,SE,1568602836,92,67.86,20.23,30.2,2.24
Naryan-Mar,100,RU,1568603107,91,67.67,53.09,44.87,17.56
Canon City,1,US,1568603108,18,39.46,-117.13,60.8,3.36
Isangel,20,VU,1568602519,53,-19.55,169.27,77.0,9.17
Tarakan,72,ID,1568603108,75,3.3,117.63,82.85,4.09
Georgetown,40,GY,1568603108,94,6.8,-58.16,78.8,4.7
Yaring,20,TH,1568603109,78,6.87,101.37,82.4,8.05
Tymovskoye,80,RU,1568603109,41,50.85,142.66,68.09,12.1
Nantucket,1,US,1568603109,93,41.28,-70.1,66.2,8.05
Yenagoa,95,NG,1568603109,95,4.92,6.26,74.93,3.31
Margate,75,AU,1568603110,49,-43.03,147.26,48.2,19.46
Belmonte,11,PT,1568603110,74,40.36,-7.35,70.0,0.65
Alyangula,99,AU,1568603110,51,-13.85,136.42,82.4,11.41
Navolato,75,MX,1568603110,79,24.76,-107.7,84.99,5.82
Saint-Leu,0,RE,1568603110,56,-21.15,55.28,68.0,8.05
Nagorsk,6,RU,1568603111,96,59.32,50.8,37.67,7.52
Chadan,20,RU,1568603111,52,51.29,91.58,52.43,2.39
Betafo,0,MG,1568603111,73,-19.84,46.86,57.29,4.34
Turukhansk,100,RU,1568603111,73,65.8,87.96,32.81,9.04
Havoysund,75,NO,1568603112,93,71.0,24.66,39.2,11.41
Nuuk,0,GL,1568603112,79,64.17,-51.74,35.6,8.05
Ahuimanu,75,US,1568603112,70,21.44,-157.84,89.6,11.41
Sopelana,20,ES,1568603113,100,43.38,-2.98,66.99,4.85
Alugan,68,PH,1568603113,60,12.22,125.48,88.43,9.8
Villamontes,0,BO,1568603113,42,-21.26,-63.47,77.45,2.04
Bilibino,6,RU,1568603113,47,68.06,166.44,51.71,1.39
Turayf,0,SA,1568603114,68,31.68,38.65,66.2,8.05
Lucea,20,JM,1568603114,74,18.44,-78.17,84.2,3.36
Manacapuru,0,BR,1568603086,83,-3.3,-60.62,77.0,1.7
Campo Grande,0,BR,1568602941,30,-20.46,-54.62,82.4,6.93
Mount Isa,100,AU,1568603114,15,-20.73,139.49,87.8,11.41
Petropavlovsk-Kamchatskiy,0,RU,1568603115,36,53.05,158.65,64.4,6.71
Hervey Bay,0,AU,1568603115,44,-25.3,152.85,77.0,12.75
Harduaganj,58,IN,1568603115,73,27.95,78.17,84.47,3.62
Wembley,75,CA,1568603115,93,55.15,-119.14,50.0,3.36
Mareeba,40,AU,1568603116,37,-16.99,145.42,84.99,11.41
Batagay-Alyta,100,RU,1568603116,62,67.8,130.41,33.53,2.37
Fairbanks,90,US,1568602909,42,64.84,-147.72,64.4,4.7
Rudnogorsk,100,RU,1568603116,83,57.27,103.75,34.97,8.93
Hobyo,22,SO,1568603116,86,5.35,48.53,76.37,14.14
Luderitz,0,NA,1568603117,64,-26.65,15.16,58.01,18.95
Zalantun,0,CN,1568603117,28,48.0,122.72,60.17,10.74
Itarema,19,BR,1568603117,80,-2.92,-39.92,76.37,10.09
Aberdeen,1,US,1568603117,77,46.98,-123.82,62.6,11.41
Funehiki,75,JP,1568603118,100,37.43,140.58,75.0,12.75
San Cristobal,51,HN,1568603118,93,14.68,-86.92,67.73,6.4
Pisco,0,PE,1568603118,87,-13.71,-76.2,62.01,13.87
Kuala Terengganu,75,MY,1568603017,94,5.33,103.14,78.8,3.36
Jos,98,NG,1568603118,94,9.92,8.9,68.99,1.5
Trairi,66,BR,1568603119,82,-3.28,-39.27,74.57,9.46
Keti Bandar,100,PK,1568603119,81,24.14,67.45,82.67,22.03
Letnyaya Stavka,0,RU,1568603119,61,45.43,43.44,53.33,3.29
Kindu,99,CD,1568603119,96,-2.95,25.92,69.71,2.21
Bilma,0,NE,1568603120,21,18.69,12.92,84.11,15.01
Sylacauga,1,US,1568603120,78,33.17,-86.25,80.6,1.19
Glace Bay,75,CA,1568603020,100,46.2,-59.96,59.0,8.05
Ossora,100,RU,1568603120,61,59.24,163.07,50.81,2.82
High Prairie,100,CA,1568603121,98,55.43,-116.48,50.45,4.27
Torbay,90,CA,1568602553,100,47.66,-52.73,57.99,17.22
Poronaysk,0,RU,1568603121,60,49.22,143.1,66.29,16.28
Linqing,0,CN,1568603121,55,36.85,115.71,77.81,1.77
Novo Aripuana,51,BR,1568603121,68,-5.12,-60.38,78.53,1.45
Ciudad Guayana,59,VE,1568603122,75,8.32,-62.69,82.0,3.0
Bozeman,1,US,1568603122,18,45.68,-111.04,77.0,20.8
Erzin,0,TR,1568603122,77,36.95,36.2,77.0,6.93
Araouane,29,ML,1568603122,15,18.9,-3.53,97.97,6.2
Port Hardy,75,CA,1568603122,93,50.7,-127.42,55.4,2.24
Sao Raimundo das Mangabeiras,0,BR,1568603123,40,-7.02,-45.48,76.01,3.04
Ballina,100,IE,1568603123,96,54.11,-9.15,54.0,9.66
Skala,0,GR,1568603123,43,36.85,22.66,75.0,4.7
Ust-Kut,100,RU,1568603123,90,56.78,105.75,31.19,8.39
Kalabo,88,ZM,1568603124,27,-15.0,22.67,66.65,7.72
Cacapava do Sul,0,BR,1568603124,94,-30.51,-53.49,68.45,3.49
Te Anau,82,NZ,1568603124,83,-45.41,167.72,41.63,8.39
Kiama,90,AU,1568603124,67,-34.67,150.86,66.99,20.8
Big Bend,98,SZ,1568603124,95,-26.79,31.94,62.69,2.1
Benalla,90,AU,1568603125,87,-36.55,145.99,53.01,11.41
Minden,1,US,1568603125,78,40.5,-98.95,75.99,4.7
Houma,23,CN,1568603125,63,35.63,111.36,68.81,2.98
Bereda,0,ES,1568603125,93,43.27,-7.54,64.99,1.12
Monte Aprazivel,0,BR,1568602851,28,-20.77,-49.71,84.2,3.36
Shawnee,1,US,1568602981,78,35.33,-96.93,82.0,3.36
Chernyshevskiy,100,RU,1568603126,88,63.01,112.47,34.07,7.0
Hambantota,90,LK,1568603126,100,6.12,81.12,75.2,3.36
Niquero,98,CU,1568603126,71,20.04,-77.58,86.81,7.9
Nelson Bay,0,AU,1568603126,8,-32.72,152.14,87.8,17.22
Kerchevskiy,0,RU,1568603127,91,59.95,56.29,40.55,7.52
Golden,1,US,1568603107,33,39.76,-105.22,77.0,3.36
Mackenzie,90,CA,1568603127,76,55.34,-123.09,51.8,5.82
Tongren,97,CN,1568603127,78,27.72,109.18,71.51,3.09
Acajutla,100,SV,1568603121,71,13.59,-89.83,84.65,6.22
Luganville,75,VU,1568603127,65,-15.51,167.18,78.8,13.87
Richards Bay,91,ZA,1568603128,85,-28.77,32.06,69.35,18.03
Matay,0,EG,1568603128,83,28.42,30.79,68.63,7.49
Inverness,58,GB,1568603128,87,57.48,-4.23,50.0,9.17
Heihe,0,RU,1568603128,24,50.24,127.51,55.4,15.66
Kaolinovo,36,BG,1568603129,82,43.62,27.12,53.01,1.01
San Quintin,71,PH,1568603129,73,17.54,120.52,84.11,5.66
Sambava,8,MG,1568603129,95,-14.27,50.17,62.51,3.18
La Romana,40,DO,1568603129,100,18.43,-68.97,84.2,7.23
Gevrai,99,IN,1568603129,87,19.27,75.75,74.75,11.9
Sabha,0,LY,1568603130,45,27.03,14.43,67.73,11.03
Dawei,0,MM,1568603130,81,14.07,98.19,79.43,2.44
Chapais,90,CA,1568603130,100,49.78,-74.86,48.2,6.93
Varzea Grande,0,BR,1568603130,94,-29.42,-50.86,81.0,4.7
Jawhar,76,IN,1568603130,90,19.91,73.23,78.53,4.65
Zamora,43,ES,1568603131,93,41.51,-5.74,52.0,1.12
Faya,0,SA,1568603131,22,18.39,42.45,64.4,0.89
Inhambane,24,MZ,1568603131,97,-23.87,35.38,65.21,3.49
Excelsior Springs,1,US,1568603131,83,39.34,-94.23,82.99,4.7
Altamira,0,BR,1568603131,90,-3.2,-52.21,72.95,2.04
Antofagasta,90,CL,1568603132,76,-23.65,-70.4,57.2,13.87
Beloha,68,MG,1568603132,74,-25.17,45.06,63.77,5.53
Avesta,95,SE,1568603132,66,60.15,16.18,51.8,14.99
Tonantins,89,BR,1568603132,96,-2.86,-67.77,73.67,3.18
Sept-Iles,75,CA,1568603133,93,50.2,-66.38,53.01,2.24
Dalvik,0,SE,1568603133,81,57.79,14.13,51.01,17.22
LOS ALGARROBOS,75,EC,1568603133,78,-3.25,-79.94,89.6,3.36
Springfield,20,US,1568602970,93,42.1,-72.59,64.4,3.38
Acapulco,75,MX,1568603133,74,16.86,-99.88,84.2,9.17
Winnemucca,1,US,1568603134,12,40.97,-117.74,77.0,12.75
Pilar,0,AR,1568603134,67,-34.46,-58.91,59.0,17.22
Mangan,100,IN,1568603134,97,27.5,88.54,58.37,1.7
Manggar,97,ID,1568603134,63,-2.88,108.27,83.75,8.41
Lima,90,PE,1568603038,87,-12.06,-77.04,60.8,12.75
Dubovskoye,0,RU,1568603135,52,47.41,42.76,50.99,6.26
Imbituba,75,BR,1568602880,94,-28.24,-48.67,68.0,14.99
Sakaiminato,40,JP,1568603135,65,35.55,133.23,80.6,11.41
Campoverde,20,EC,1568603135,81,-0.91,-78.62,48.2,9.17
Ketchikan,1,US,1568603136,82,55.34,-131.65,57.2,5.82
Sao Joao da Barra,26,BR,1568603136,95,-21.64,-41.05,67.91,3.42
Bima,0,ID,1568603136,37,-8.45,118.73,88.97,8.48
Camacupa,79,AO,1568603136,85,-12.02,17.48,59.45,7.47
Sistranda,75,NO,1568603137,87,63.73,8.83,54.0,25.28
Kokopo,80,PG,1568603137,81,-4.34,152.27,81.59,1.28
Lagoa,0,PT,1568603137,68,37.14,-8.45,69.8,5.82
Santo Antonio do Ica,89,BR,1568603137,96,-3.1,-67.94,73.67,3.18
Gat,20,SN,1568603137,88,14.69,-16.54,80.6,3.36
Sarangani,46,PH,1568603138,77,5.4,125.46,81.41,11.86
Noumea,20,NC,1568603052,57,-22.28,166.46,75.2,16.11
Dakoro,0,NE,1568603138,59,14.51,6.76,81.23,5.35
General Roca,0,AR,1568603050,39,-39.03,-67.58,48.2,14.99
Saryozek,100,KZ,1568603138,54,44.36,77.98,57.47,3.8
San Jose,78,HN,1568603139,98,14.25,-87.96,64.67,1.59
Vrangel,0,RU,1568603139,39,42.73,133.08,72.95,5.06
Gondanglegi,31,ID,1568602544,42,-7.75,112.01,88.61,3.78
Gorontalo,0,ID,1568603139,61,0.54,123.06,83.39,11.43
Belaya Gora,93,RU,1568603140,70,68.54,146.19,49.91,4.23
Tazovskiy,100,RU,1568602939,91,67.47,78.7,33.35,23.85
Manado,20,ID,1568602913,38,1.49,124.85,91.4,12.75
Luanda,75,AO,1568602886,88,-8.83,13.24,71.6,9.17
Bloemfontein,0,ZA,1568603140,56,-29.12,26.22,44.6,1.12
Muscat,20,OM,1568603005,88,23.6,58.55,82.4,2.24
Mana,96,NG,1568603140,73,13.03,5.27,78.71,7.52
Les Cayes,60,HT,1568603141,77,18.19,-73.75,84.83,7.85
Smidovich,32,RU,1568603141,44,48.6,133.81,57.47,13.94
Klaksvik,33,FO,1568603141,75,62.23,-6.59,46.4,14.99
Comodoro Rivadavia,0,AR,1568603082,60,-45.87,-67.48,41.0,9.17
Nogliki,22,RU,1568603142,47,51.8,143.14,67.91,14.99
Palembang,95,ID,1568603142,44,-2.99,104.76,89.15,6.58
Nishihara,90,JP,1568603142,100,35.74,139.53,77.0,10.29
Geraldton,75,CA,1568603142,82,49.72,-86.95,55.4,8.05
Ucluelet,43,CA,1568602873,91,48.94,-125.55,57.99,9.98
Samarai,100,PG,1568603142,73,-10.62,150.67,77.09,9.89
Pallasovka,78,RU,1568603143,56,50.04,46.89,50.81,9.35
Sabzevar,0,IR,1568603022,30,36.21,57.68,59.81,5.06
Vaitape,90,PF,1568603143,76,-16.52,-151.75,76.91,15.48
Ganzhou,0,CN,1568603143,67,25.86,114.93,84.11,8.72
Vao,97,EE,1568603144,89,59.1,26.19,48.47,11.83
Losevo,0,RU,1568603144,50,51.73,38.83,53.6,8.95
Ulety,83,RU,1568603144,51,51.36,112.48,50.63,13.76
Faratsiho,0,MG,1568603144,69,-19.41,46.95,58.73,3.71
Adelaide,75,AU,1568603125,50,-34.93,138.6,61.0,18.34
Dzhankoy,62,UA,1568603145,53,45.71,34.39,58.73,3.6
Griffin,1,US,1568603107,57,33.25,-84.26,78.8,3.36
San Rafael,67,AR,1568603145,55,-34.61,-68.33,45.59,15.75
Ordubad,20,AZ,1568603145,72,38.91,46.02,60.8,9.17
Mnogovershinnyy,100,RU,1568603145,88,53.94,139.92,46.13,4.65
Praia da Vitoria,40,PT,1568603146,88,38.73,-27.07,69.8,14.12
Asyut,0,EG,1568603146,70,27.18,31.19,70.79,8.79
Salalah,75,OM,1568603146,88,17.01,54.1,78.8,4.7
Inuvik,20,CA,1568603146,61,68.36,-133.71,46.4,12.75
Kirakira,100,SB,1568603146,85,-10.46,161.92,79.79,9.17
Mehamn,100,NO,1568603147,91,71.03,27.85,42.71,21.09
Lethem,90,GY,1568602987,71,3.38,-59.8,82.67,1.74
Balkanabat,25,TM,1568603147,29,39.51,54.36,72.95,4.14
Hwange,0,ZW,1568603147,23,-18.35,26.5,62.15,5.5
Walvis Bay,0,NA,1568603147,87,-22.95,14.51,54.0,2.24
Ligayan,56,PH,1568603148,73,4.65,119.47,81.59,7.63
Guanare,38,VE,1568603148,87,9.04,-69.74,72.95,2.17
Darhan,8,MN,1568603148,40,49.49,105.92,58.37,9.73
Hay River,90,CA,1568603148,71,60.82,-115.79,50.0,2.24
Broken Hill,56,AU,1568603148,46,-31.97,141.45,69.8,17.22
Skjervoy,100,NO,1568603149,63,70.03,20.97,46.31,6.2
Tessalit,0,ML,1568603149,17,20.2,1.01,91.13,11.5
Mondovi,1,US,1568603149,93,44.57,-91.67,66.99,1.92
Rawson,0,AR,1568603149,51,-43.3,-65.11,43.43,10.58
Ahipara,0,NZ,1568603150,81,-35.17,173.16,66.99,9.33
Porto Velho,20,BR,1568603150,74,-8.75,-63.87,82.4,2.24
Mitchell,1,US,1568603150,73,43.71,-98.03,75.2,11.41
Ulagan,0,RU,1568603150,58,50.63,87.96,45.59,2.98
Novyy Urengoy,100,RU,1568603110,99,66.08,76.63,35.69,16.22
Bernalillo,90,US,1568603150,100,35.3,-106.55,64.4,5.08
Gladstone,0,AU,1568602935,50,-23.84,151.26,77.0,11.41
Saint-Augustin,75,CA,1568603151,76,45.63,-73.98,59.0,3.36
Ginir,78,ET,1568603151,87,7.14,40.71,58.91,4.99
Santa Isabel do Rio Negro,72,BR,1568603151,96,-0.41,-65.02,74.21,2.35
Tucurui,0,BR,1568603151,66,-3.77,-49.67,78.89,1.43
Amherst,90,US,1568603152,88,42.98,-78.8,66.0,4.7
Arona,0,IT,1568603152,100,45.76,8.56,71.01,4.7
Nome,1,US,1568603152,69,30.04,-94.42,82.4,3.36
Shingu,20,JP,1568603152,62,33.72,135.99,86.0,16.11
Guangshui,67,CN,1568603153,56,31.62,113.82,75.65,11.05
Huanren,0,CN,1568603153,48,41.26,125.37,64.85,6.98
Ngawen,4,ID,1568603153,37,-7.02,111.3,89.87,10.87
Coihaique,0,CL,1568603153,69,-45.58,-72.07,39.2,2.24
San Lorenzo,100,HN,1568603153,94,13.43,-87.45,76.73,2.64
Barra do Garcas,0,BR,1568603154,26,-15.89,-52.26,76.91,4.27
Husavik,37,CA,1568603154,53,50.56,-96.99,69.01,8.77
Sao Filipe,95,CV,1568603154,85,14.9,-24.5,80.33,17.05
Taltal,0,CL,1568603154,84,-25.41,-70.49,49.55,1.95
Sile,90,US,1568603155,100,35.56,-106.37,64.4,4.5
Waingapu,0,ID,1568603155,42,-9.65,120.26,83.03,12.21
Teahupoo,40,PF,1568603155,65,-17.83,-149.27,78.8,9.17
Girov,0,RO,1568603155,87,46.96,26.5,52.0,1.12
Stiring-Wendel,0,DE,1568603156,87,49.2,6.93,59.0,3.36
Mayo,75,CA,1568603156,44,63.59,-135.9,59.0,8.05
Brae,92,GB,1568603156,81,60.4,-1.35,51.8,14.99
Tumsar,100,IN,1568603156,87,21.38,79.75,76.55,5.26
College,90,US,1568603156,42,64.86,-147.8,64.4,4.7
Touros,40,BR,1568603157,94,-5.2,-35.46,73.4,4.7
Kamenka,12,MD,1568603157,59,48.03,28.7,51.53,3.38
Nyagan,25,RU,1568603157,81,62.14,65.43,48.11,7.0
